community,author,created_utc,id,num_comments,score,subreddit,subreddit_id,EC_val
4_0,1168,1556201412,bh92zl,46,11,AgainstHateSubreddits,t5_38gfm,EC
4_0,1168,1561659805,c6915p,17,42,AgainstHateSubreddits,t5_38gfm,EC
4_0,47,1561417168,c4xnav,156,1245,AgainstHateSubreddits,t5_38gfm,EC
4_0,1180,1547064194,aeap6y,0,1,Anarchism,t5_2qh5j,EC
4_0,1180,1547208919,aeut0h,0,1,Anarchism,t5_2qh5j,EC
4_0,1180,1549030221,am2cz9,13,1,Anarchism,t5_2qh5j,EC
4_0,75,1555692307,bf1bap,66,548,AgainstHateSubreddits,t5_38gfm,EC
4_0,75,1557346691,bma82y,114,1002,AgainstHateSubreddits,t5_38gfm,EC
4_0,75,1557767244,bo66qy,30,718,AgainstHateSubreddits,t5_38gfm,EC
4_0,75,1558030915,bpg2yo,11,33,AgainstHateSubreddits,t5_38gfm,EC
4_0,75,1559222015,but0gd,4,1,AgainstHateSubreddits,t5_38gfm,EC
4_0,140,1549925802,apm7u9,4,1,AgainstHateSubreddits,t5_38gfm,EC
4_0,140,1554479909,b9syd7,9,11,AgainstHateSubreddits,t5_38gfm,EC
4_0,140,1555425730,bdupwa,12,13,AgainstHateSubreddits,t5_38gfm,EC
4_0,141,1561487079,c5cujh,35,44,AgainstHateSubreddits,t5_38gfm,EC
4_0,984,1549910397,apje1j,5,1,AgainstHateSubreddits,t5_38gfm,EC
4_0,984,1553435901,b4wlrv,15,12,AgainstHateSubreddits,t5_38gfm,EC
4_0,984,1556226513,bhdx8s,422,2951,AgainstHateSubreddits,t5_38gfm,EC
4_0,984,1561406985,c4ur7f,5,44,AgainstHateSubreddits,t5_38gfm,EC
4_0,984,1561464764,c57ng4,38,290,AgainstHateSubreddits,t5_38gfm,EC
4_0,984,1561464934,c57om1,13,110,AgainstHateSubreddits,t5_38gfm,EC
4_0,984,1561584236,c5w6i1,3,1,AgainstHateSubreddits,t5_38gfm,EC
4_0,1231,1550863362,atlnim,164,868,AgainstHateSubreddits,t5_38gfm,EC
4_0,579,1552300656,azrwbo,10,68,AgainstHateSubreddits,t5_38gfm,EC
4_0,579,1552657317,b1f3u9,16,60,AgainstHateSubreddits,t5_38gfm,EC
4_0,579,1552686018,b1klcf,3,1,AgainstHateSubreddits,t5_38gfm,EC
4_0,579,1552909822,b2hrg4,2,1,AgainstHateSubreddits,t5_38gfm,EC
4_0,579,1552928618,b2l6kl,3,1,AgainstHateSubreddits,t5_38gfm,EC
4_0,579,1552936721,b2mt6s,2,1,AgainstHateSubreddits,t5_38gfm,EC
4_0,579,1553115899,b3hfv2,3,3,AgainstHateSubreddits,t5_38gfm,EC
4_0,579,1556135251,bgz3ce,20,0,AgainstHateSubreddits,t5_38gfm,EC
4_0,579,1556273223,bhkm79,92,0,AgainstHateSubreddits,t5_38gfm,EC
4_0,579,1556305107,bhq1oi,6,0,AgainstHateSubreddits,t5_38gfm,EC
4_0,579,1556461627,bibrfv,101,681,AgainstHateSubreddits,t5_38gfm,EC
4_0,579,1556572399,biuu6d,7,2,AgainstHateSubreddits,t5_38gfm,EC
4_0,579,1556985117,bkmi7s,11,75,AgainstHateSubreddits,t5_38gfm,EC
4_0,259,1553200517,b3vn9z,12,72,AgainstHateSubreddits,t5_38gfm,EC
4_0,259,1558305587,bqn5c8,15,0,AgainstHateSubreddits,t5_38gfm,EC
4_0,259,1559360810,bvgpkj,3,0,AgainstHateSubreddits,t5_38gfm,EC
4_0,259,1549680282,aoo6js,0,1,Anarchism,t5_2qh5j,EC
4_0,259,1551055629,aueub8,10,5,Anarchism,t5_2qh5j,EC
4_0,5665,1556673167,bjbca2,137,109,AgainstHateSubreddits,t5_38gfm,EC
4_0,5665,1560056854,bygvw0,3,1,AgainstHateSubreddits,t5_38gfm,EC
4_0,5665,1561044226,c2xcpy,59,3,AgainstHateSubreddits,t5_38gfm,EC
4_0,263,1557540996,bn6xlr,1,1,AgainstHateSubreddits,t5_38gfm,EC
4_0,263,1557887013,bos34e,7,2,AgainstHateSubreddits,t5_38gfm,EC
4_0,1266,1551799961,axme2e,56,145,AgainstHateSubreddits,t5_38gfm,EC
4_0,262,1554921785,bbpor4,45,174,AgainstHateSubreddits,t5_38gfm,EC
4_0,1749,1555620728,beqkw6,109,960,AgainstHateSubreddits,t5_38gfm,EC
4_0,7700,1554529704,ba1aq8,208,1285,AgainstHateSubreddits,t5_38gfm,EC
4_0,264,1557545314,bn7k5d,50,606,AgainstHateSubreddits,t5_38gfm,EC
4_0,1085,1561559354,c5qhwp,4,0,AgainstHateSubreddits,t5_38gfm,EC
4_0,268,1552931237,b2lpoy,16,0,AgainstHateSubreddits,t5_38gfm,EC
4_0,268,1553378800,b4ouyn,1,0,AgainstHateSubreddits,t5_38gfm,EC
4_0,268,1553598974,b5of0m,6,0,AgainstHateSubreddits,t5_38gfm,EC
4_0,268,1553734438,b6cctj,27,123,AgainstHateSubreddits,t5_38gfm,EC
4_0,270,1549381793,anfdfh,142,1,AgainstHateSubreddits,t5_38gfm,EC
4_0,271,1551306720,avjdqh,0,1,AgainstHateSubreddits,t5_38gfm,EC
4_0,271,1552344836,b003d1,0,1,AgainstHateSubreddits,t5_38gfm,EC
4_0,271,1560541482,c0oeaw,30,45,AgainstHateSubreddits,t5_38gfm,EC
4_0,271,1561758894,c6qblp,9,14,AgainstHateSubreddits,t5_38gfm,EC
4_0,272,1549993628,apvzxr,33,1,AgainstHateSubreddits,t5_38gfm,EC
4_0,272,1550602735,asdykx,0,1,AgainstHateSubreddits,t5_38gfm,EC
4_0,590,1550270014,ar2619,6,1,AgainstHateSubreddits,t5_38gfm,EC
4_0,590,1552959038,b2r3pp,6,0,AgainstHateSubreddits,t5_38gfm,EC
4_0,273,1561811650,c6yfoo,7,1,AgainstHateSubreddits,t5_38gfm,EC
4_0,273,1561816446,c6z7ma,3,10,AgainstHateSubreddits,t5_38gfm,EC
4_0,307,1550058360,aq5r2x,116,1,AgainstHateSubreddits,t5_38gfm,EC
4_0,307,1556809777,bjw1vq,410,1710,AgainstHateSubreddits,t5_38gfm,EC
4_0,307,1560521367,c0kisd,227,1281,AgainstHateSubreddits,t5_38gfm,EC
4_0,308,1556231866,bhewi9,4,0,AgainstHateSubreddits,t5_38gfm,EC
4_0,308,1557256267,blusn6,77,0,AgainstHateSubreddits,t5_38gfm,EC
4_0,309,1551525045,awgrkq,276,2389,AgainstHateSubreddits,t5_38gfm,EC
4_0,310,1547828514,ahc3ka,50,1,AgainstHateSubreddits,t5_38gfm,EC
4_0,313,1551554432,awl84t,10,47,AgainstHateSubreddits,t5_38gfm,EC
4_0,315,1556413765,bi5xhj,72,137,AgainstHateSubreddits,t5_38gfm,EC
4_0,1303,1560709756,c1d5mt,3,1,Anarchism,t5_2qh5j,EC
4_0,3754,1546799877,ad8aer,9,1,AgainstHateSubreddits,t5_38gfm,EC
4_0,3754,1548525012,ak33zy,61,1,AgainstHateSubreddits,t5_38gfm,EC
4_0,3754,1548789500,al3jqp,3,1,AgainstHateSubreddits,t5_38gfm,EC
4_0,3754,1549132466,amgvjp,7,1,AgainstHateSubreddits,t5_38gfm,EC
4_0,3754,1549346245,anb7bu,6,1,AgainstHateSubreddits,t5_38gfm,EC
4_0,3754,1549411661,ankkjl,3,1,AgainstHateSubreddits,t5_38gfm,EC
4_0,3754,1549992964,apvvc7,10,1,AgainstHateSubreddits,t5_38gfm,EC
4_0,3754,1555176652,bcsxh7,5,33,AgainstHateSubreddits,t5_38gfm,EC
4_0,3754,1556040776,bgj7gl,26,91,AgainstHateSubreddits,t5_38gfm,EC
4_0,3754,1558202990,bq6xss,9,43,AgainstHateSubreddits,t5_38gfm,EC
4_0,3754,1560703413,c1by36,20,161,AgainstHateSubreddits,t5_38gfm,EC
4_0,618,1550296997,ar6027,2,0,AgainstHateSubreddits,t5_38gfm,EC
4_0,436,1546835922,ade3rm,6,1,AgainstHateSubreddits,t5_38gfm,EC
4_0,436,1555024169,bc6is8,59,978,AgainstHateSubreddits,t5_38gfm,EC
4_0,436,1555306860,bdci0i,14,196,AgainstHateSubreddits,t5_38gfm,EC
4_0,436,1555664400,bewzzk,90,688,AgainstHateSubreddits,t5_38gfm,EC
4_0,436,1556157582,bh32it,30,0,AgainstHateSubreddits,t5_38gfm,EC
4_0,436,1556331295,bhuger,2,1,AgainstHateSubreddits,t5_38gfm,EC
4_0,436,1556986120,bkmoh7,6,0,AgainstHateSubreddits,t5_38gfm,EC
4_0,436,1557203054,blmaso,4,3,AgainstHateSubreddits,t5_38gfm,EC
4_0,7536,1555370976,bdmv3p,322,1789,AgainstHateSubreddits,t5_38gfm,EC
4_0,442,1552997531,b2wngh,0,8,Anarchism,t5_2qh5j,EC
4_0,1336,1550259723,ar0dwa,103,1,AgainstHateSubreddits,t5_38gfm,EC
4_0,1340,1555255436,bd3ttp,75,115,AgainstHateSubreddits,t5_38gfm,EC
4_0,456,1554220443,b8l07k,32,129,AgainstHateSubreddits,t5_38gfm,EC
4_0,464,1550802866,atbya3,15,7,AgainstHateSubreddits,t5_38gfm,EC
4_0,464,1550957553,au0e87,88,1046,AgainstHateSubreddits,t5_38gfm,EC
4_0,465,1548911175,alm24t,33,1,AgainstHateSubreddits,t5_38gfm,EC
4_0,753,1549821319,ap6ckc,157,1,AgainstHateSubreddits,t5_38gfm,EC
4_0,478,1561681392,c6d8u3,22,52,AgainstHateSubreddits,t5_38gfm,EC
4_0,1359,1561234850,c3uamp,34,343,AgainstHateSubreddits,t5_38gfm,EC
4_0,1360,1555547124,bef5ct,0,1,AgainstHateSubreddits,t5_38gfm,EC
4_0,1360,1555630941,besgsj,6,0,AgainstHateSubreddits,t5_38gfm,EC
4_0,1360,1555632996,best9a,54,0,AgainstHateSubreddits,t5_38gfm,EC
4_0,5545,1546365732,abk8zm,13,1,AgainstHateSubreddits,t5_38gfm,EC
4_0,5545,1546566524,acd1ah,21,1,AgainstHateSubreddits,t5_38gfm,EC
4_0,5545,1547089017,aeep3j,11,1,AgainstHateSubreddits,t5_38gfm,EC
4_0,5545,1547387686,afjihg,121,1,AgainstHateSubreddits,t5_38gfm,EC
4_0,5545,1548860584,aldi53,16,1,AgainstHateSubreddits,t5_38gfm,EC
4_0,5545,1549028136,am21xv,75,1,AgainstHateSubreddits,t5_38gfm,EC
4_0,5545,1549127032,amfyq9,13,1,AgainstHateSubreddits,t5_38gfm,EC
4_0,5545,1549972420,apskwm,4,1,AgainstHateSubreddits,t5_38gfm,EC
4_0,5545,1551267885,avclmi,50,732,AgainstHateSubreddits,t5_38gfm,EC
4_0,5545,1554585904,ba94tj,222,967,AgainstHateSubreddits,t5_38gfm,EC
4_0,5545,1554942977,bbtp96,6,7,AgainstHateSubreddits,t5_38gfm,EC
4_0,5545,1556373385,bhzaqn,61,391,AgainstHateSubreddits,t5_38gfm,EC
4_0,5545,1556587069,bixdt2,16,6,AgainstHateSubreddits,t5_38gfm,EC
4_0,5545,1561419919,c4ydih,9,41,AgainstHateSubreddits,t5_38gfm,EC
4_0,598,1559824717,bxg8xr,71,919,AgainstHateSubreddits,t5_38gfm,EC
4_0,598,1560037739,bye5ww,5,83,AgainstHateSubreddits,t5_38gfm,EC
4_0,598,1560101346,bymo0z,17,15,AgainstHateSubreddits,t5_38gfm,EC
4_0,598,1560309277,bzm0e0,7,5,AgainstHateSubreddits,t5_38gfm,EC
4_0,3880,1555280690,bd8h4a,52,586,AgainstHateSubreddits,t5_38gfm,EC
4_0,621,1558011227,bpc6tj,237,2636,AgainstHateSubreddits,t5_38gfm,EC
4_0,621,1560427698,c050do,88,2095,AgainstHateSubreddits,t5_38gfm,EC
4_0,5456,1551063399,aug2ed,20,139,AgainstHateSubreddits,t5_38gfm,EC
4_0,5456,1555422513,bdu5pi,123,1337,AgainstHateSubreddits,t5_38gfm,EC
4_0,5456,1555976075,bg9317,104,333,AgainstHateSubreddits,t5_38gfm,EC
4_0,5509,1553141978,b3m5fq,34,2,AgainstHateSubreddits,t5_38gfm,EC
4_0,1367,1550429851,arno37,78,966,AgainstHateSubreddits,t5_38gfm,EC
4_0,1367,1550917568,atu3za,80,476,AgainstHateSubreddits,t5_38gfm,EC
4_0,1368,1553115855,b3hfir,3,2,AgainstHateSubreddits,t5_38gfm,EC
4_0,1149,1546529512,ac6qnx,267,1,AgainstHateSubreddits,t5_38gfm,EC
4_0,1149,1552661182,b1ft1y,244,2171,AgainstHateSubreddits,t5_38gfm,EC
4_0,928,1558187858,bq49jg,0,1,AgainstHateSubreddits,t5_38gfm,EC
4_0,928,1558355982,bqv11e,18,0,AgainstHateSubreddits,t5_38gfm,EC
4_0,928,1560099064,bym8mg,111,1244,AgainstHateSubreddits,t5_38gfm,EC
4_0,928,1561482463,c5bom9,8,20,AgainstHateSubreddits,t5_38gfm,EC
4_0,997,1552341273,azzdm9,10,59,AgainstHateSubreddits,t5_38gfm,EC
4_0,488,1556465403,bice7z,1,1,AgainstHateSubreddits,t5_38gfm,EC
4_0,3980,1556985698,bkmltb,4,4,AgainstHateSubreddits,t5_38gfm,EC
4_0,3980,1561663466,c69sfz,14,71,AgainstHateSubreddits,t5_38gfm,EC
4_0,4187,1557753058,bo3a49,67,49,AgainstHateSubreddits,t5_38gfm,EC
4_0,4187,1557855224,boly5t,1,1,AgainstHateSubreddits,t5_38gfm,EC
4_0,4187,1557928839,boyag5,124,819,AgainstHateSubreddits,t5_38gfm,EC
4_0,1371,1555194222,bcw1gv,11,8,AgainstHateSubreddits,t5_38gfm,EC
4_0,1371,1555667181,bexbci,30,25,AgainstHateSubreddits,t5_38gfm,EC
4_0,1371,1555790118,bfgcar,5,5,AgainstHateSubreddits,t5_38gfm,EC
4_0,1371,1557399499,bmibyq,106,616,AgainstHateSubreddits,t5_38gfm,EC
4_0,1371,1558391427,br2c8w,3,6,AgainstHateSubreddits,t5_38gfm,EC
4_0,489,1556434692,bi8mh1,14,34,AgainstHateSubreddits,t5_38gfm,EC
4_0,489,1560256130,bzbuo9,95,1025,AgainstHateSubreddits,t5_38gfm,EC
4_0,1373,1558302392,bqmjdj,3,11,Anarchism,t5_2qh5j,EC
4_0,1374,1552857397,b2a4kq,2,1,AgainstHateSubreddits,t5_38gfm,EC
4_0,1378,1558726986,bslag1,13,73,AgainstHateSubreddits,t5_38gfm,EC
4_0,2655,1550670977,asole3,13,0,AgainstHateSubreddits,t5_38gfm,EC
4_0,2655,1552141567,az3zls,18,24,AgainstHateSubreddits,t5_38gfm,EC
4_0,2655,1552199666,azd28e,9,44,AgainstHateSubreddits,t5_38gfm,EC
4_0,2655,1552680556,b1jk7j,9,2,AgainstHateSubreddits,t5_38gfm,EC
4_0,2655,1552702892,b1nezz,11,13,AgainstHateSubreddits,t5_38gfm,EC
4_0,2655,1552872776,b2cqt9,9,5,AgainstHateSubreddits,t5_38gfm,EC
4_0,2655,1553013666,b2znoe,12,61,AgainstHateSubreddits,t5_38gfm,EC
4_0,2655,1558540883,brqjqo,10,36,AgainstHateSubreddits,t5_38gfm,EC
4_0,1379,1547788838,ah75hv,6,1,AgainstHateSubreddits,t5_38gfm,EC
4_0,1379,1547837884,ahdq2j,5,1,AgainstHateSubreddits,t5_38gfm,EC
4_0,1379,1550698272,asu25x,3,0,AgainstHateSubreddits,t5_38gfm,EC
4_0,1379,1551554838,awlaq6,3,6,AgainstHateSubreddits,t5_38gfm,EC
4_0,1379,1552678764,b1j81s,2,0,AgainstHateSubreddits,t5_38gfm,EC
4_0,1379,1552792337,b20vjy,5,0,AgainstHateSubreddits,t5_38gfm,EC
4_0,1379,1553038091,b34kkw,16,24,AgainstHateSubreddits,t5_38gfm,EC
4_0,1379,1553107963,b3ftus,9,34,AgainstHateSubreddits,t5_38gfm,EC
4_0,1379,1554951923,bbv58u,10,4,AgainstHateSubreddits,t5_38gfm,EC
4_0,1379,1555347153,bdicho,22,95,AgainstHateSubreddits,t5_38gfm,EC
4_0,1379,1555968386,bg7n0m,2,20,AgainstHateSubreddits,t5_38gfm,EC
4_0,1379,1558568966,brw2vl,5,15,AgainstHateSubreddits,t5_38gfm,EC
4_0,1379,1561402667,c4thxt,10,12,AgainstHateSubreddits,t5_38gfm,EC
4_0,831,1550172926,aqnmrx,24,1,AgainstHateSubreddits,t5_38gfm,EC
4_0,831,1555134844,bcnis9,11,0,AgainstHateSubreddits,t5_38gfm,EC
4_0,734,1556051205,bgl912,1,1,AgainstHateSubreddits,t5_38gfm,EC
4_0,490,1556820953,bjy7co,9,0,AgainstHateSubreddits,t5_38gfm,EC
4_0,495,1552835536,b263xo,3,1,AgainstHateSubreddits,t5_38gfm,EC
4_0,495,1552835673,b264sp,275,426,AgainstHateSubreddits,t5_38gfm,EC
4_0,1431,1559428921,bvql7h,12,0,AgainstHateSubreddits,t5_38gfm,EC
4_0,1436,1551893386,ay1eqs,9,39,AgainstHateSubreddits,t5_38gfm,EC
4_0,716,1554167355,b8cd98,26,21,AgainstHateSubreddits,t5_38gfm,EC
4_0,716,1554644515,bagcc8,355,1089,AgainstHateSubreddits,t5_38gfm,EC
4_0,1531,1558446687,branzp,13,0,AgainstHateSubreddits,t5_38gfm,EC
4_0,817,1550737675,at0rq7,21,6,AgainstHateSubreddits,t5_38gfm,EC
4_0,817,1559690359,bwvlbg,35,33,AgainstHateSubreddits,t5_38gfm,EC
4_0,817,1561424869,c4znd9,1,1,AgainstHateSubreddits,t5_38gfm,EC
4_0,817,1561425569,c4ztuu,4,4,AgainstHateSubreddits,t5_38gfm,EC
4_0,3585,1558633731,bs607a,3,16,AgainstHateSubreddits,t5_38gfm,EC
4_0,827,1555518262,be9sq6,66,207,AgainstHateSubreddits,t5_38gfm,EC
4_0,827,1558458379,brcz8i,17,60,AgainstHateSubreddits,t5_38gfm,EC
4_0,864,1559068706,bu3pi4,18,45,AgainstHateSubreddits,t5_38gfm,EC
4_0,936,1552678515,b1j6ab,83,307,AgainstHateSubreddits,t5_38gfm,EC
4_0,936,1561315778,c49hw6,4,10,AgainstHateSubreddits,t5_38gfm,EC
4_0,1041,1549485249,anv66k,0,1,AgainstHateSubreddits,t5_38gfm,EC
4_0,6591,1558205479,bq7e0t,53,52,KotakuInAction,t5_33726,EC
4_0,1697,1550923476,atutrw,13,0,AgainstHateSubreddits,t5_38gfm,EC
4_0,1084,1561333632,c4eoio,78,86,AgainstHateSubreddits,t5_38gfm,EC
4_0,1707,1556750072,bjnhkz,26,0,AgainstHateSubreddits,t5_38gfm,EC
4_0,4069,1555020445,bc5v5r,13,44,AgainstHateSubreddits,t5_38gfm,EC
4_0,4069,1556766815,bjq7d8,71,330,AgainstHateSubreddits,t5_38gfm,EC
4_2,658,1546886710,adkqbb,12,1,KotakuInAction,t5_33726,EC
4_2,658,1548371873,ajill3,239,1,KotakuInAction,t5_33726,EC
4_2,658,1552102907,ayz86l,10,18,KotakuInAction,t5_33726,EC
4_2,658,1556590632,bixyvm,4,11,KotakuInAction,t5_33726,EC
4_2,658,1556677321,bjc0sn,0,1,KotakuInAction,t5_33726,EC
4_2,658,1557164000,blf3ln,319,1302,KotakuInAction,t5_33726,EC
4_2,658,1557433383,bmoqtq,25,33,KotakuInAction,t5_33726,EC
4_2,658,1560190308,bz16xm,31,240,KotakuInAction,t5_33726,EC
4_2,658,1560190583,bz192o,1,1,KotakuInAction,t5_33726,EC
4_2,16,1548447224,ajt39a,48,1,KotakuInAction,t5_33726,EC
4_2,1383,1548973830,alv4d7,46,1,KotakuInAction,t5_33726,EC
4_2,1383,1549914089,apk2pr,22,1,KotakuInAction,t5_33726,EC
4_2,1383,1555510299,be89sn,53,186,KotakuInAction,t5_33726,EC
4_2,492,1561272199,c409lu,32,40,KotakuInAction,t5_33726,EC
4_2,393,1546614635,acj0ok,368,1,KotakuInAction,t5_33726,EC
4_2,393,1546792099,ad7029,42,1,KotakuInAction,t5_33726,EC
4_2,393,1546792522,ad72gz,266,1,KotakuInAction,t5_33726,EC
4_2,393,1547643754,agkx8k,362,1,KotakuInAction,t5_33726,EC
4_2,393,1547993034,ahxve2,192,1,KotakuInAction,t5_33726,EC
4_2,393,1548195994,aisfj4,587,1,KotakuInAction,t5_33726,EC
4_2,393,1548454445,ajucyc,86,1,KotakuInAction,t5_33726,EC
4_2,393,1548597127,akc63d,1,1,KotakuInAction,t5_33726,EC
4_2,393,1549383447,anfnpz,93,1,KotakuInAction,t5_33726,EC
4_2,393,1550676519,asplus,70,820,KotakuInAction,t5_33726,EC
4_2,393,1554390617,b9dxef,7,2,KotakuInAction,t5_33726,EC
4_2,393,1555259385,bd4ij3,32,217,KotakuInAction,t5_33726,EC
4_2,393,1557691559,bnthi7,23,98,KotakuInAction,t5_33726,EC
4_2,993,1546318828,abf597,13,1,KotakuInAction,t5_33726,EC
4_2,993,1547252522,af1x57,15,1,KotakuInAction,t5_33726,EC
4_2,993,1549513184,anzuf4,29,1,KotakuInAction,t5_33726,EC
4_2,993,1556073816,bgpby2,68,230,KotakuInAction,t5_33726,EC
4_2,993,1556358811,bhxkqn,220,127,KotakuInAction,t5_33726,EC
4_2,993,1556549613,biqdjc,58,149,KotakuInAction,t5_33726,EC
4_2,993,1558314518,bqooqe,29,44,KotakuInAction,t5_33726,EC
4_2,993,1559860881,bxn2ox,60,249,KotakuInAction,t5_33726,EC
4_2,2595,1555251161,bd34n7,296,444,KotakuInAction,t5_33726,EC
4_2,2595,1556849094,bk359m,26,264,KotakuInAction,t5_33726,EC
4_2,2595,1559966225,by3rjs,108,270,KotakuInAction,t5_33726,EC
4_2,2595,1560176356,byyepi,50,234,KotakuInAction,t5_33726,EC
4_2,3954,1546976226,ady0yl,43,1,KotakuInAction,t5_33726,EC
4_2,3954,1548921125,aln8ul,97,1,KotakuInAction,t5_33726,EC
4_2,3954,1550025862,aq1op5,21,1,KotakuInAction,t5_33726,EC
4_2,3954,1552002342,ayjg7u,40,84,KotakuInAction,t5_33726,EC
4_2,3954,1555920065,bfzgp1,15,48,KotakuInAction,t5_33726,EC
4_2,3954,1557267344,blx1y0,43,66,KotakuInAction,t5_33726,EC
4_2,3954,1558158797,bq0cs4,0,1,KotakuInAction,t5_33726,EC
4_2,3954,1561810841,c6ybdc,7,63,KotakuInAction,t5_33726,EC
4_2,42,1553888378,b71oyk,202,228,KotakuInAction,t5_33726,EC
4_2,425,1550022900,aq18ct,12,1,KotakuInAction,t5_33726,EC
4_2,425,1551972988,aydvog,51,111,KotakuInAction,t5_33726,EC
4_2,425,1555734868,bf8hvr,2,1,KotakuInAction,t5_33726,EC
4_2,425,1556037129,bgigyz,5,16,KotakuInAction,t5_33726,EC
4_2,425,1558641417,bs7hlf,12,46,KotakuInAction,t5_33726,EC
4_2,425,1559473810,bvwb1j,13,60,KotakuInAction,t5_33726,EC
4_2,425,1559935283,bxynqi,4,48,KotakuInAction,t5_33726,EC
4_2,1594,1548530940,ak43uj,65,1,KotakuInAction,t5_33726,EC
4_2,1594,1551549453,awkbxs,59,436,KotakuInAction,t5_33726,EC
4_2,1594,1551745708,axemw5,9,150,KotakuInAction,t5_33726,EC
4_2,1594,1558014390,bpcqxk,93,396,KotakuInAction,t5_33726,EC
4_2,342,1546420269,abrrmn,20,1,KotakuInAction,t5_33726,EC
4_2,342,1546429418,absop7,66,1,KotakuInAction,t5_33726,EC
4_2,342,1546434046,abt70n,59,1,KotakuInAction,t5_33726,EC
4_2,342,1546512374,ac4lek,50,1,KotakuInAction,t5_33726,EC
4_2,342,1546645146,aco716,34,1,KotakuInAction,t5_33726,EC
4_2,342,1546698561,acukje,7,1,KotakuInAction,t5_33726,EC
4_2,342,1546848739,adfmxi,12,1,KotakuInAction,t5_33726,EC
4_2,342,1546882520,adjzn1,73,1,KotakuInAction,t5_33726,EC
4_2,342,1546960993,adv7lq,181,1,KotakuInAction,t5_33726,EC
4_2,342,1546969393,adwria,10,1,KotakuInAction,t5_33726,EC
4_2,342,1547037482,ae6fl6,39,1,KotakuInAction,t5_33726,EC
4_2,342,1547142553,aelg2e,11,2,KotakuInAction,t5_33726,EC
4_2,342,1547411953,afnkcw,160,1,KotakuInAction,t5_33726,EC
4_2,342,1547485185,afxrul,66,1,KotakuInAction,t5_33726,EC
4_2,342,1547678126,agqseo,5,1,KotakuInAction,t5_33726,EC
4_2,342,1547718283,agw656,32,1,KotakuInAction,t5_33726,EC
4_2,342,1549082461,amatrc,5,1,KotakuInAction,t5_33726,EC
4_2,342,1549099963,amcmmp,132,1,KotakuInAction,t5_33726,EC
4_2,342,1549107673,amdcv7,40,1,KotakuInAction,t5_33726,EC
4_2,342,1549192217,amoory,195,1,KotakuInAction,t5_33726,EC
4_2,342,1549194511,amowlp,33,1,KotakuInAction,t5_33726,EC
4_2,342,1549214440,amrlne,77,1,KotakuInAction,t5_33726,EC
4_2,342,1549278144,an0mn0,12,1,KotakuInAction,t5_33726,EC
4_2,342,1549439085,anogux,63,1,KotakuInAction,t5_33726,EC
4_2,342,1549537817,ao2obq,24,1,KotakuInAction,t5_33726,EC
4_2,342,1550083841,aq9yre,93,1,KotakuInAction,t5_33726,EC
4_2,342,1550085192,aqa7vl,22,1,KotakuInAction,t5_33726,EC
4_2,342,1550093213,aqbqal,95,1,KotakuInAction,t5_33726,EC
4_2,342,1550141058,aqihts,35,1,KotakuInAction,t5_33726,EC
4_2,342,1550240678,aqx1i8,159,1,KotakuInAction,t5_33726,EC
4_2,342,1550347321,arcfj7,5,73,KotakuInAction,t5_33726,EC
4_2,342,1550562603,as7xxm,6,47,KotakuInAction,t5_33726,EC
4_2,342,1550620026,ash53e,75,136,KotakuInAction,t5_33726,EC
4_2,342,1550845267,ati534,23,64,KotakuInAction,t5_33726,EC
4_2,342,1550917333,atu2ya,76,246,KotakuInAction,t5_33726,EC
4_2,342,1551026467,au9nhd,67,110,KotakuInAction,t5_33726,EC
4_2,342,1551261300,avbsem,132,1180,KotakuInAction,t5_33726,EC
4_2,342,1551266987,avchfb,30,127,KotakuInAction,t5_33726,EC
4_2,342,1551291177,avggxt,210,1373,KotakuInAction,t5_33726,EC
4_2,342,1551376706,avu1o1,0,1,KotakuInAction,t5_33726,EC
4_2,342,1551384805,avvlm2,10,16,KotakuInAction,t5_33726,EC
4_2,342,1551426831,aw29pi,41,397,KotakuInAction,t5_33726,EC
4_2,342,1551570194,awnywj,19,33,KotakuInAction,t5_33726,EC
4_2,342,1551577121,awp1v1,4,33,KotakuInAction,t5_33726,EC
4_2,342,1551957411,aybjiv,2,13,KotakuInAction,t5_33726,EC
4_2,342,1551984400,ayg3j2,62,133,KotakuInAction,t5_33726,EC
4_2,342,1552008471,aykgti,50,146,KotakuInAction,t5_33726,EC
4_2,342,1552221555,azf9h4,71,326,KotakuInAction,t5_33726,EC
4_2,342,1552230759,azgkc5,17,23,KotakuInAction,t5_33726,EC
4_2,342,1552329660,azx0dt,58,36,KotakuInAction,t5_33726,EC
4_2,342,1552332887,azxnvu,58,351,KotakuInAction,t5_33726,EC
4_2,342,1552363090,b037zf,141,191,KotakuInAction,t5_33726,EC
4_2,342,1552500280,b0p4oj,31,53,KotakuInAction,t5_33726,EC
4_2,342,1552625910,b1aoga,34,219,KotakuInAction,t5_33726,EC
4_2,342,1552665836,b1goc8,22,16,KotakuInAction,t5_33726,EC
4_2,342,1552765085,b1wcut,33,138,KotakuInAction,t5_33726,EC
4_2,342,1552855133,b29pgj,4,1,KotakuInAction,t5_33726,EC
4_2,342,1552877297,b2dg6k,42,189,KotakuInAction,t5_33726,EC
4_2,342,1552989726,b2vj1a,23,70,KotakuInAction,t5_33726,EC
4_2,342,1553108265,b3fw10,48,234,KotakuInAction,t5_33726,EC
4_2,342,1553130411,b3k7et,28,60,KotakuInAction,t5_33726,EC
4_2,342,1553148617,b3n2cc,37,92,KotakuInAction,t5_33726,EC
4_2,342,1553155635,b3nw2d,21,177,KotakuInAction,t5_33726,EC
4_2,342,1553204744,b3whcv,13,87,KotakuInAction,t5_33726,EC
4_2,342,1553238409,b41wdx,18,147,KotakuInAction,t5_33726,EC
4_2,342,1553240202,b424mi,15,43,KotakuInAction,t5_33726,EC
4_2,342,1553417785,b4ualk,70,157,KotakuInAction,t5_33726,EC
4_2,342,1553422070,b4urz7,63,374,KotakuInAction,t5_33726,EC
4_2,342,1553589258,b5n6rf,3,35,KotakuInAction,t5_33726,EC
4_2,342,1553667619,b60wyz,31,115,KotakuInAction,t5_33726,EC
4_2,342,1553742012,b6dm1w,47,241,KotakuInAction,t5_33726,EC
4_2,342,1553792263,b6lak3,0,1,KotakuInAction,t5_33726,EC
4_2,342,1554139587,b85fkq,77,107,KotakuInAction,t5_33726,EC
4_2,342,1554192462,b8gavb,32,67,KotakuInAction,t5_33726,EC
4_2,342,1554219904,b8kw3r,129,313,KotakuInAction,t5_33726,EC
4_2,342,1554231739,b8nefb,46,20,KotakuInAction,t5_33726,EC
4_2,342,1554238805,b8ounj,7,7,KotakuInAction,t5_33726,EC
4_2,342,1554284319,b8vt6j,67,229,KotakuInAction,t5_33726,EC
4_2,342,1554288990,b8wg51,165,853,KotakuInAction,t5_33726,EC
4_2,342,1554313851,b9184f,39,34,KotakuInAction,t5_33726,EC
4_2,342,1554382126,b9caex,145,318,KotakuInAction,t5_33726,EC
4_2,342,1554569679,ba6c5z,6,2,KotakuInAction,t5_33726,EC
4_2,342,1554792142,bb4nyy,22,92,KotakuInAction,t5_33726,EC
4_2,342,1554804958,bb66xd,8,70,KotakuInAction,t5_33726,EC
4_2,342,1554808230,bb6m3u,13,110,KotakuInAction,t5_33726,EC
4_2,342,1554992537,bc0gr8,31,240,KotakuInAction,t5_33726,EC
4_2,342,1555168696,bcrjbx,245,296,KotakuInAction,t5_33726,EC
4_2,342,1555342429,bdhcv8,91,134,KotakuInAction,t5_33726,EC
4_2,342,1555449602,bdzdgr,40,135,KotakuInAction,t5_33726,EC
4_2,342,1555514027,be8ynx,130,1812,KotakuInAction,t5_33726,EC
4_2,342,1555601107,bemul2,34,56,KotakuInAction,t5_33726,EC
4_2,342,1555606035,bent38,63,90,KotakuInAction,t5_33726,EC
4_2,342,1555675369,beybct,260,731,KotakuInAction,t5_33726,EC
4_2,342,1555946821,bg3e3x,169,178,KotakuInAction,t5_33726,EC
4_2,342,1556015585,bget8a,37,110,KotakuInAction,t5_33726,EC
4_2,342,1556122725,bgwl37,95,332,KotakuInAction,t5_33726,EC
4_2,342,1556149385,bh1pnh,42,307,KotakuInAction,t5_33726,EC
4_2,342,1556263091,bhjhq5,26,46,KotakuInAction,t5_33726,EC
4_2,342,1556653169,bj7l1g,70,173,KotakuInAction,t5_33726,EC
4_2,342,1556904912,bkb63c,31,74,KotakuInAction,t5_33726,EC
4_2,342,1557024967,bkt1qc,55,93,KotakuInAction,t5_33726,EC
4_2,342,1557369178,bmedx2,13,148,KotakuInAction,t5_33726,EC
4_2,342,1557370081,bmejek,55,283,KotakuInAction,t5_33726,EC
4_2,342,1557467439,bmulb5,7,39,KotakuInAction,t5_33726,EC
4_2,342,1557634173,bnl1tc,23,105,KotakuInAction,t5_33726,EC
4_2,342,1558180887,bq3964,108,425,KotakuInAction,t5_33726,EC
4_2,342,1558726018,bsl3ji,10,28,KotakuInAction,t5_33726,EC
4_2,342,1558738895,bsnli0,7,55,KotakuInAction,t5_33726,EC
4_2,342,1558990105,btr65x,26,119,KotakuInAction,t5_33726,EC
4_2,342,1559136668,bueppe,49,133,KotakuInAction,t5_33726,EC
4_2,342,1559138959,buf4q3,119,241,KotakuInAction,t5_33726,EC
4_2,342,1559144286,bug6gf,35,75,KotakuInAction,t5_33726,EC
4_2,342,1559238907,buwae3,58,266,KotakuInAction,t5_33726,EC
4_2,342,1559361682,bvgtpc,13,37,KotakuInAction,t5_33726,EC
4_2,342,1559371096,bvhzba,11,107,KotakuInAction,t5_33726,EC
4_2,342,1559586356,bwe2aj,63,147,KotakuInAction,t5_33726,EC
4_2,342,1559796463,bxclph,85,380,KotakuInAction,t5_33726,EC
4_2,342,1559826904,bxglhp,77,977,KotakuInAction,t5_33726,EC
4_2,342,1559953530,by1wu4,4,28,KotakuInAction,t5_33726,EC
4_2,342,1559978221,by5eyp,81,255,KotakuInAction,t5_33726,EC
4_2,342,1560102519,bymw0i,37,71,KotakuInAction,t5_33726,EC
4_2,342,1560201811,bz3j1k,3,24,KotakuInAction,t5_33726,EC
4_2,342,1560208609,bz4u0y,7,12,KotakuInAction,t5_33726,EC
4_2,342,1560214112,bz5tdd,31,184,KotakuInAction,t5_33726,EC
4_2,342,1560217715,bz6f1h,161,84,KotakuInAction,t5_33726,EC
4_2,342,1560431854,c05pjl,23,216,KotakuInAction,t5_33726,EC
4_2,342,1560538775,c0nvks,278,1639,KotakuInAction,t5_33726,EC
4_2,342,1560610891,c0y6yh,23,82,KotakuInAction,t5_33726,EC
4_2,342,1560747969,c1jl18,45,83,KotakuInAction,t5_33726,EC
4_2,342,1560972944,c2lk7z,73,81,KotakuInAction,t5_33726,EC
4_2,342,1561040422,c2wljg,405,1952,KotakuInAction,t5_33726,EC
4_2,342,1561340529,c4gipi,226,462,KotakuInAction,t5_33726,EC
4_2,342,1561401477,c4t5se,39,338,KotakuInAction,t5_33726,EC
4_2,342,1561407778,c4uzmt,9,27,KotakuInAction,t5_33726,EC
4_2,342,1561442003,c53fxb,5,194,KotakuInAction,t5_33726,EC
4_2,342,1561480405,c5b5xx,27,84,KotakuInAction,t5_33726,EC
4_2,342,1561780138,c6u2q9,84,67,KotakuInAction,t5_33726,EC
4_2,342,1561799877,c6wufm,1,16,KotakuInAction,t5_33726,EC
4_2,342,1561813565,c6yqii,28,45,KotakuInAction,t5_33726,EC
4_2,342,1561907712,c7fmcv,46,92,KotakuInAction,t5_33726,EC
4_2,342,1561958432,c7ok41,91,247,KotakuInAction,t5_33726,EC
4_2,342,1561994327,c7tu3j,18,69,KotakuInAction,t5_33726,EC
4_2,1179,1559933363,bxya7l,11,41,KotakuInAction,t5_33726,EC
4_2,1179,1562010978,c7za3t,193,314,KotakuInAction,t5_33726,EC
4_2,469,1548462197,ajvo1j,68,1,KotakuInAction,t5_33726,EC
4_2,469,1552484877,b0m7ru,54,94,KotakuInAction,t5_33726,EC
4_2,469,1552841843,b27822,9,19,KotakuInAction,t5_33726,EC
4_2,469,1556752260,bjnvia,21,0,KotakuInAction,t5_33726,EC
4_2,244,1547215875,aevqbl,10,1,KotakuInAction,t5_33726,EC
4_2,244,1547223886,aex00v,24,1,KotakuInAction,t5_33726,EC
4_2,244,1553474332,b53vqe,11,19,KotakuInAction,t5_33726,EC
4_2,244,1553569909,b5kk6g,16,0,KotakuInAction,t5_33726,EC
4_2,244,1557608484,bngz3d,22,58,KotakuInAction,t5_33726,EC
4_2,244,1559182151,bunkzw,8,41,KotakuInAction,t5_33726,EC
4_2,244,1559927064,bxx1sr,11,4,KotakuInAction,t5_33726,EC
4_2,1617,1547018927,ae4ir5,4,1,KotakuInAction,t5_33726,EC
4_2,1617,1548397352,ajm9in,33,1,KotakuInAction,t5_33726,EC
4_2,1617,1555729811,bf7tpm,293,244,KotakuInAction,t5_33726,EC
4_2,1617,1556018700,bgf7qq,78,45,KotakuInAction,t5_33726,EC
4_2,1617,1556074845,bgpi8u,579,1881,KotakuInAction,t5_33726,EC
4_2,1617,1559674864,bwsjhj,34,92,KotakuInAction,t5_33726,EC
4_2,1617,1560878732,c25335,38,78,KotakuInAction,t5_33726,EC
4_2,1617,1561637960,c64u1z,8,2,KotakuInAction,t5_33726,EC
4_2,46,1554101799,b7yozy,928,1833,KotakuInAction,t5_33726,EC
4_2,46,1554231071,b8n9hl,8,13,KotakuInAction,t5_33726,EC
4_2,46,1554362737,b99nud,13,75,KotakuInAction,t5_33726,EC
4_2,46,1556107267,bgtqsm,76,219,KotakuInAction,t5_33726,EC
4_2,46,1556980534,bklquv,142,496,KotakuInAction,t5_33726,EC
4_2,46,1558172706,bq2350,2,2,KotakuInAction,t5_33726,EC
4_2,46,1558955198,btkpmr,0,1,KotakuInAction,t5_33726,EC
4_2,46,1559719881,bwzvve,11,35,KotakuInAction,t5_33726,EC
4_2,46,1560502392,c0htp1,7,97,KotakuInAction,t5_33726,EC
4_2,354,1546698115,acuilf,42,1,KotakuInAction,t5_33726,EC
4_2,354,1546792865,ad74f5,128,1,KotakuInAction,t5_33726,EC
4_2,354,1547582657,agcmn6,16,1,KotakuInAction,t5_33726,EC
4_2,354,1547650519,aglw6h,8,1,KotakuInAction,t5_33726,EC
4_2,354,1548264778,aj2532,3,1,KotakuInAction,t5_33726,EC
4_2,354,1549293369,an2le8,121,1,KotakuInAction,t5_33726,EC
4_2,354,1549643001,aoi5co,25,1,KotakuInAction,t5_33726,EC
4_2,354,1550591631,asbtxv,7,118,KotakuInAction,t5_33726,EC
4_2,354,1550809869,atd2hy,32,64,KotakuInAction,t5_33726,EC
4_2,354,1550857850,atkkrm,10,34,KotakuInAction,t5_33726,EC
4_2,354,1551153817,auurmh,20,82,KotakuInAction,t5_33726,EC
4_2,354,1551456277,aw6jlb,35,89,KotakuInAction,t5_33726,EC
4_2,354,1551475039,aw9ufp,27,163,KotakuInAction,t5_33726,EC
4_2,354,1551910578,ay4s53,3,21,KotakuInAction,t5_33726,EC
4_2,354,1551993135,ayhs7s,72,68,KotakuInAction,t5_33726,EC
4_2,354,1552344923,b003xn,19,131,KotakuInAction,t5_33726,EC
4_2,354,1552517929,b0sooq,0,22,KotakuInAction,t5_33726,EC
4_2,354,1552840979,b27290,324,130,KotakuInAction,t5_33726,EC
4_2,354,1553288036,b4abgb,59,1170,KotakuInAction,t5_33726,EC
4_2,354,1554325929,b93sp6,20,33,KotakuInAction,t5_33726,EC
4_2,354,1554337921,b95z20,34,21,KotakuInAction,t5_33726,EC
4_2,354,1554738529,baveip,5,29,KotakuInAction,t5_33726,EC
4_2,354,1554918756,bbp2k0,103,142,KotakuInAction,t5_33726,EC
4_2,354,1555370213,bdmqb1,39,39,KotakuInAction,t5_33726,EC
4_2,354,1555424969,bdul2e,5,18,KotakuInAction,t5_33726,EC
4_2,354,1555429465,bdvfzj,1,28,KotakuInAction,t5_33726,EC
4_2,354,1556051116,bgl8cf,6,10,KotakuInAction,t5_33726,EC
4_2,354,1556078460,bgq2s0,3,29,KotakuInAction,t5_33726,EC
4_2,354,1557758602,bo4cim,24,124,KotakuInAction,t5_33726,EC
4_2,354,1557765111,bo5q9b,42,186,KotakuInAction,t5_33726,EC
4_2,354,1557978169,bp7u0y,21,24,KotakuInAction,t5_33726,EC
4_2,354,1558226241,bqay6p,47,62,KotakuInAction,t5_33726,EC
4_2,354,1558624671,bs47cc,994,0,KotakuInAction,t5_33726,EC
4_2,354,1558898965,btc26w,90,96,KotakuInAction,t5_33726,EC
4_2,354,1559793385,bxc5jb,35,183,KotakuInAction,t5_33726,EC
4_2,354,1560122419,byqjun,57,419,KotakuInAction,t5_33726,EC
4_2,354,1560387508,bzzanp,23,124,KotakuInAction,t5_33726,EC
4_2,354,1561034970,c2vkw7,17,55,KotakuInAction,t5_33726,EC
4_2,695,1546481936,ac0rf9,4,1,KotakuInAction,t5_33726,EC
4_2,695,1550663726,asnhdb,5,16,KotakuInAction,t5_33726,EC
4_2,695,1551742753,axe4aj,164,373,KotakuInAction,t5_33726,EC
4_2,695,1554835124,bbbl2l,76,398,KotakuInAction,t5_33726,EC
4_2,695,1555133223,bcnc9b,46,27,KotakuInAction,t5_33726,EC
4_2,695,1556747256,bjmyz4,59,358,KotakuInAction,t5_33726,EC
4_2,695,1559245369,buxkb2,63,257,KotakuInAction,t5_33726,EC
4_2,695,1559595744,bwfzbm,67,184,KotakuInAction,t5_33726,EC
4_2,695,1559767265,bx7mis,191,809,KotakuInAction,t5_33726,EC
4_2,695,1559772969,bx8qf2,97,391,KotakuInAction,t5_33726,EC
4_2,695,1560236564,bz98zx,93,1149,KotakuInAction,t5_33726,EC
4_2,695,1560237833,bz9er3,8,18,KotakuInAction,t5_33726,EC
4_2,695,1560679828,c18exb,152,394,KotakuInAction,t5_33726,EC
4_2,695,1560685248,c190js,169,349,KotakuInAction,t5_33726,EC
4_2,695,1561177397,c3l74i,10,15,KotakuInAction,t5_33726,EC
4_2,695,1561268178,c3zqq2,84,777,KotakuInAction,t5_33726,EC
4_2,695,1561392212,c4qfq1,3,1,KotakuInAction,t5_33726,EC
4_2,695,1561993644,c7tp59,24,20,KotakuInAction,t5_33726,EC
4_2,695,1562010907,c7z9ko,30,55,KotakuInAction,t5_33726,EC
4_2,617,1548270859,aj39om,19,1,KotakuInAction,t5_33726,EC
4_2,617,1549384706,anfvgx,4,1,KotakuInAction,t5_33726,EC
4_2,617,1549478610,antxuz,62,1,KotakuInAction,t5_33726,EC
4_2,617,1551215652,av4nx8,42,148,KotakuInAction,t5_33726,EC
4_2,617,1551372091,avt5iw,13,125,KotakuInAction,t5_33726,EC
4_2,617,1552605696,b17esf,36,48,KotakuInAction,t5_33726,EC
4_2,617,1553097068,b3dmtk,7,10,KotakuInAction,t5_33726,EC
4_2,617,1553349617,b4jgqj,181,575,KotakuInAction,t5_33726,EC
4_2,617,1553544576,b5fowx,16,73,KotakuInAction,t5_33726,EC
4_2,617,1553613900,b5r1br,64,27,KotakuInAction,t5_33726,EC
4_2,617,1553615656,b5reep,35,51,KotakuInAction,t5_33726,EC
4_2,617,1554389559,b9dpbm,308,477,KotakuInAction,t5_33726,EC
4_2,617,1554824881,bb9ibm,14,3,KotakuInAction,t5_33726,EC
4_2,617,1556549901,biqfg5,18,40,KotakuInAction,t5_33726,EC
4_2,617,1556813136,bjwp30,24,36,KotakuInAction,t5_33726,EC
4_2,617,1557332601,bm7aol,193,456,KotakuInAction,t5_33726,EC
4_2,617,1557431979,bmog6d,91,193,KotakuInAction,t5_33726,EC
4_2,617,1557763530,bo5ecm,3,11,KotakuInAction,t5_33726,EC
4_2,617,1559067587,bu3har,38,97,KotakuInAction,t5_33726,EC
4_2,617,1560360876,bzu52e,35,152,KotakuInAction,t5_33726,EC
4_2,617,1560618468,c0zk8x,11,43,KotakuInAction,t5_33726,EC
4_2,617,1560789906,c1pugf,43,60,KotakuInAction,t5_33726,EC
4_2,617,1560973547,c2lor5,48,55,KotakuInAction,t5_33726,EC
4_2,617,1561578776,c5utyo,95,44,KotakuInAction,t5_33726,EC
4_2,215,1546618901,acjpi2,75,1,KotakuInAction,t5_33726,EC
4_2,215,1546831648,addirc,19,1,KotakuInAction,t5_33726,EC
4_2,215,1547228597,aextfe,22,1,KotakuInAction,t5_33726,EC
4_2,215,1547650160,aglu4b,215,1,KotakuInAction,t5_33726,EC
4_2,215,1548692663,akp137,99,1,KotakuInAction,t5_33726,EC
4_2,215,1549425621,anmqm2,43,1,KotakuInAction,t5_33726,EC
4_2,215,1549896691,apgz8f,40,1,KotakuInAction,t5_33726,EC
4_2,215,1549897816,aph5gn,18,1,KotakuInAction,t5_33726,EC
4_2,215,1549941065,aponjl,9,1,KotakuInAction,t5_33726,EC
4_2,215,1549941837,aporty,45,1,KotakuInAction,t5_33726,EC
4_2,215,1549942263,apoua0,4,1,KotakuInAction,t5_33726,EC
4_2,215,1549979938,aptld4,70,1,KotakuInAction,t5_33726,EC
4_2,215,1550029930,aq2bbn,10,1,KotakuInAction,t5_33726,EC
4_2,215,1550042222,aq3zal,93,1,KotakuInAction,t5_33726,EC
4_2,215,1550115799,aqfhq5,79,1,KotakuInAction,t5_33726,EC
4_2,215,1550220125,aqumnz,27,1,KotakuInAction,t5_33726,EC
4_2,215,1550297778,ar63hp,72,521,KotakuInAction,t5_33726,EC
4_2,215,1550721046,asyciv,26,59,KotakuInAction,t5_33726,EC
4_2,215,1550739188,at0y6c,108,195,KotakuInAction,t5_33726,EC
4_2,215,1550818541,ateczl,57,97,KotakuInAction,t5_33726,EC
4_2,215,1550853356,atjnnj,141,423,KotakuInAction,t5_33726,EC
4_2,215,1551024157,au99ou,33,178,KotakuInAction,t5_33726,EC
4_2,215,1551152562,auukam,52,289,KotakuInAction,t5_33726,EC
4_2,215,1551164853,auwgvz,6,28,KotakuInAction,t5_33726,EC
4_2,215,1551256019,avb575,0,1,KotakuInAction,t5_33726,EC
4_2,215,1551458711,aw6zgq,68,161,KotakuInAction,t5_33726,EC
4_2,215,1551631197,awvns8,27,88,KotakuInAction,t5_33726,EC
4_2,215,1551686571,ax4ntt,375,1338,KotakuInAction,t5_33726,EC
4_2,215,1551687976,ax4tn3,48,374,KotakuInAction,t5_33726,EC
4_2,215,1551777585,axj7m6,65,84,KotakuInAction,t5_33726,EC
4_2,215,1551799794,axmczu,286,573,KotakuInAction,t5_33726,EC
4_2,215,1551976025,ayeg5u,17,70,KotakuInAction,t5_33726,EC
4_2,215,1551977048,ayen5u,7,7,KotakuInAction,t5_33726,EC
4_2,215,1552035783,ayo6eh,250,701,KotakuInAction,t5_33726,EC
4_2,215,1552037253,ayocg2,25,247,KotakuInAction,t5_33726,EC
4_2,215,1552145194,az4k08,163,238,KotakuInAction,t5_33726,EC
4_2,215,1552295697,azr9kw,57,126,KotakuInAction,t5_33726,EC
4_2,215,1552458911,b0irn9,81,357,KotakuInAction,t5_33726,EC
4_2,215,1552467380,b0jqv1,40,156,KotakuInAction,t5_33726,EC
4_2,215,1552576960,b11lky,60,186,KotakuInAction,t5_33726,EC
4_2,215,1552617103,b19c8y,700,586,KotakuInAction,t5_33726,EC
4_2,215,1552657822,b1f6ze,5,72,KotakuInAction,t5_33726,EC
4_2,215,1552662756,b1g3fq,52,412,KotakuInAction,t5_33726,EC
4_2,215,1553011658,b2z91x,147,903,KotakuInAction,t5_33726,EC
4_2,215,1553184092,b3s9rc,24,63,KotakuInAction,t5_33726,EC
4_2,215,1553221406,b3zgrk,28,40,KotakuInAction,t5_33726,EC
4_2,215,1553240287,b424zz,32,50,KotakuInAction,t5_33726,EC
4_2,215,1553531357,b5ctk5,2,3,KotakuInAction,t5_33726,EC
4_2,215,1553534450,b5dihd,131,1092,KotakuInAction,t5_33726,EC
4_2,215,1553598301,b5obh6,50,482,KotakuInAction,t5_33726,EC
4_2,215,1553604627,b5pb39,461,975,KotakuInAction,t5_33726,EC
4_2,215,1553612808,b5qt9f,15,315,KotakuInAction,t5_33726,EC
4_2,215,1553614586,b5r6hy,157,1177,KotakuInAction,t5_33726,EC
4_2,215,1553846103,b6ugqs,9,82,KotakuInAction,t5_33726,EC
4_2,215,1554134014,b846p4,11,112,KotakuInAction,t5_33726,EC
4_2,215,1554222057,b8lcry,131,751,KotakuInAction,t5_33726,EC
4_2,215,1554368628,b9adc3,26,185,KotakuInAction,t5_33726,EC
4_2,215,1554454316,b9oqke,19,82,KotakuInAction,t5_33726,EC
4_2,215,1554470473,b9r514,32,84,KotakuInAction,t5_33726,EC
4_2,215,1554542724,ba2ms1,172,260,KotakuInAction,t5_33726,EC
4_2,215,1554817069,bb81im,7,40,KotakuInAction,t5_33726,EC
4_2,215,1554818889,bb8d9k,23,53,KotakuInAction,t5_33726,EC
4_2,215,1554866888,bbhb9x,46,79,KotakuInAction,t5_33726,EC
4_2,215,1555040874,bc95vu,54,205,KotakuInAction,t5_33726,EC
4_2,215,1555084008,bcf31s,0,1,KotakuInAction,t5_33726,EC
4_2,215,1555084040,bcf38o,32,165,KotakuInAction,t5_33726,EC
4_2,215,1555343805,bdhn2p,16,146,KotakuInAction,t5_33726,EC
4_2,215,1555426746,bduwjs,29,114,KotakuInAction,t5_33726,EC
4_2,215,1555776653,bfdtu0,22,136,KotakuInAction,t5_33726,EC
4_2,215,1555778069,bfe34x,14,35,KotakuInAction,t5_33726,EC
4_2,215,1555987292,bgazzq,18,55,KotakuInAction,t5_33726,EC
4_2,215,1556212802,bhba2t,157,162,KotakuInAction,t5_33726,EC
4_2,215,1556593831,biyh7g,130,373,KotakuInAction,t5_33726,EC
4_2,215,1557053049,bkwdzw,22,124,KotakuInAction,t5_33726,EC
4_2,215,1557113263,bl6y9b,106,354,KotakuInAction,t5_33726,EC
4_2,215,1557239509,blreaf,117,161,KotakuInAction,t5_33726,EC
4_2,215,1557324264,bm5ny0,98,112,KotakuInAction,t5_33726,EC
4_2,215,1557328158,bm6ehz,14,206,KotakuInAction,t5_33726,EC
4_2,215,1557329291,bm6mo8,37,132,KotakuInAction,t5_33726,EC
4_2,215,1557818111,bofkc2,48,90,KotakuInAction,t5_33726,EC
4_2,215,1557822699,bog68u,218,1205,KotakuInAction,t5_33726,EC
4_2,215,1558020106,bpdvc7,24,184,KotakuInAction,t5_33726,EC
4_2,215,1558024371,bpeqkz,68,653,KotakuInAction,t5_33726,EC
4_2,215,1558108292,bpsymo,60,307,KotakuInAction,t5_33726,EC
4_2,215,1558284675,bqj42t,30,91,KotakuInAction,t5_33726,EC
4_2,215,1558344313,bqtapc,54,50,KotakuInAction,t5_33726,EC
4_2,215,1558360499,bqvtur,54,167,KotakuInAction,t5_33726,EC
4_2,215,1558364563,bqwnsb,45,187,KotakuInAction,t5_33726,EC
4_2,215,1558368024,bqxehv,257,1423,KotakuInAction,t5_33726,EC
4_2,215,1558536203,brpmr0,1,1,KotakuInAction,t5_33726,EC
4_2,215,1558798820,bsvvbh,152,852,KotakuInAction,t5_33726,EC
4_2,215,1558961384,btlndt,133,194,KotakuInAction,t5_33726,EC
4_2,215,1558970197,btn5sf,103,408,KotakuInAction,t5_33726,EC
4_2,215,1559229947,buuhz2,140,83,KotakuInAction,t5_33726,EC
4_2,215,1559485905,bvxxvw,43,96,KotakuInAction,t5_33726,EC
4_2,215,1559531061,bw5uix,3,0,KotakuInAction,t5_33726,EC
4_2,215,1559572939,bwbfi1,170,359,KotakuInAction,t5_33726,EC
4_2,215,1559575658,bwbxtw,7,24,KotakuInAction,t5_33726,EC
4_2,215,1559640387,bwmpcm,40,222,KotakuInAction,t5_33726,EC
4_2,215,1559880774,bxqafc,15,64,KotakuInAction,t5_33726,EC
4_2,215,1559894041,bxrvb6,34,88,KotakuInAction,t5_33726,EC
4_2,215,1560012237,by9v2h,47,473,KotakuInAction,t5_33726,EC
4_2,215,1560179613,byz162,15,79,KotakuInAction,t5_33726,EC
4_2,215,1560266201,bzdr8a,4,75,KotakuInAction,t5_33726,EC
4_2,215,1560702602,c1bsp0,48,196,KotakuInAction,t5_33726,EC
4_2,215,1560760416,c1l47r,18,176,KotakuInAction,t5_33726,EC
4_2,215,1560916204,c2c5nf,11,53,KotakuInAction,t5_33726,EC
4_2,215,1561108368,c38cs1,30,322,KotakuInAction,t5_33726,EC
4_2,215,1561534547,c5mw7h,157,265,KotakuInAction,t5_33726,EC
4_2,215,1561599313,c5z8pq,60,158,KotakuInAction,t5_33726,EC
4_2,215,1561607209,c60liv,29,145,KotakuInAction,t5_33726,EC
4_2,215,1561971002,c7q6rm,44,190,KotakuInAction,t5_33726,EC
4_2,680,1551097015,aukmqr,560,964,KotakuInAction,t5_33726,EC
4_2,680,1552645811,b1d9es,3,5,KotakuInAction,t5_33726,EC
4_2,3038,1549319005,an76df,52,1,KotakuInAction,t5_33726,EC
4_2,3038,1552245235,azj5kn,16,3,KotakuInAction,t5_33726,EC
4_2,3038,1560091227,bykuuz,87,276,KotakuInAction,t5_33726,EC
4_2,3038,1560724189,c1fvej,8,15,KotakuInAction,t5_33726,EC
4_2,3820,1551404693,avyz95,224,1369,KotakuInAction,t5_33726,EC
4_2,3820,1554689511,bao5dh,94,243,KotakuInAction,t5_33726,EC
4_2,371,1548965990,altqcl,21,1,KotakuInAction,t5_33726,EC
4_2,243,1548227992,aix81v,84,1,KotakuInAction,t5_33726,EC
4_2,243,1549780603,ap1k19,129,1,KotakuInAction,t5_33726,EC
4_2,243,1551502893,awe57d,24,28,KotakuInAction,t5_33726,EC
4_2,243,1560976169,c2m91k,0,1,KotakuInAction,t5_33726,EC
4_2,243,1560976301,c2ma3k,2,0,KotakuInAction,t5_33726,EC
4_2,243,1554573013,ba6y29,0,5,MensRights,t5_2qhk3,EC
4_2,331,1561673068,c6bqv8,206,678,KotakuInAction,t5_33726,EC
4_2,331,1561675856,c6c9bn,21,216,KotakuInAction,t5_33726,EC
4_2,2781,1552135745,az36ba,14,4,KotakuInAction,t5_33726,EC
4_2,2781,1558452543,brbsgc,5,17,KotakuInAction,t5_33726,EC
4_2,2781,1559069664,bu3wjg,9,3,KotakuInAction,t5_33726,EC
4_2,2781,1561914810,c7gxp9,249,396,KotakuInAction,t5_33726,EC
4_2,110,1559652421,bwoall,27,0,KotakuInAction,t5_33726,EC
4_2,1711,1554506790,b9y649,76,152,KotakuInAction,t5_33726,EC
4_2,1711,1560778350,c1nkc3,4,2,KotakuInAction,t5_33726,EC
4_2,123,1547323513,afb21r,28,1,KotakuInAction,t5_33726,EC
4_2,123,1549809637,ap4fmm,5,1,KotakuInAction,t5_33726,EC
4_2,123,1549922602,aplnk1,6,3,KotakuInAction,t5_33726,EC
4_2,358,1550115263,aqfeu9,87,1,KotakuInAction,t5_33726,EC
4_2,358,1556680547,bjciho,89,235,KotakuInAction,t5_33726,EC
4_2,123,1551524871,awgquh,13,83,KotakuInAction,t5_33726,EC
4_2,123,1552057250,ayr78a,9,8,KotakuInAction,t5_33726,EC
4_2,123,1552821150,b245u6,14,46,KotakuInAction,t5_33726,EC
4_2,123,1552906608,b2h9mc,41,162,KotakuInAction,t5_33726,EC
4_2,123,1552991036,b2vpel,12,17,KotakuInAction,t5_33726,EC
4_2,123,1553695363,b64v13,10,170,KotakuInAction,t5_33726,EC
4_2,123,1555768949,bfchvp,175,632,KotakuInAction,t5_33726,EC
4_2,123,1558445629,brahbt,72,142,KotakuInAction,t5_33726,EC
4_2,123,1559397061,bvl02r,8,47,KotakuInAction,t5_33726,EC
4_2,123,1560185734,bz08vb,85,279,KotakuInAction,t5_33726,EC
4_2,370,1551244517,av9l05,26,116,KotakuInAction,t5_33726,EC
4_2,370,1555096585,bchlgh,85,35,KotakuInAction,t5_33726,EC
4_2,370,1561081726,c34ipm,2,1,KotakuInAction,t5_33726,EC
4_2,815,1555147257,bcorzd,206,842,KotakuInAction,t5_33726,EC
4_2,497,1547083326,aeduy7,34,1,KotakuInAction,t5_33726,EC
4_2,497,1547500882,ag0jwe,60,1,KotakuInAction,t5_33726,EC
4_2,497,1548405017,ajn2hw,62,1,KotakuInAction,t5_33726,EC
4_2,497,1548565334,ak93tj,67,1,KotakuInAction,t5_33726,EC
4_2,497,1549499521,anxr6i,33,1,KotakuInAction,t5_33726,EC
4_2,497,1549740759,aovp7w,229,1,KotakuInAction,t5_33726,EC
4_2,497,1557415431,bml43z,78,132,KotakuInAction,t5_33726,EC
4_2,503,1551535067,awi05n,5,49,KotakuInAction,t5_33726,EC
4_2,503,1553005015,b2xy6b,37,55,KotakuInAction,t5_33726,EC
4_2,503,1555478691,be437u,9,52,KotakuInAction,t5_33726,EC
4_2,503,1556933522,bkg285,152,51,KotakuInAction,t5_33726,EC
4_2,503,1557752928,bo39b8,80,233,KotakuInAction,t5_33726,EC
4_2,503,1561100682,c37eqt,23,17,KotakuInAction,t5_33726,EC
4_2,503,1552348953,b00uhx,8,8,MensRights,t5_2qhk3,EC
4_2,149,1557330384,bm6ugu,33,75,KotakuInAction,t5_33726,EC
4_2,185,1551038652,aubw83,20,137,KotakuInAction,t5_33726,EC
4_2,185,1555078780,bce3ko,50,175,KotakuInAction,t5_33726,EC
4_2,1649,1548296054,aj7kac,92,1,KotakuInAction,t5_33726,EC
4_2,1649,1552966868,b2sg69,207,358,KotakuInAction,t5_33726,EC
4_2,3285,1548889288,alipwy,104,1,KotakuInAction,t5_33726,EC
4_2,3285,1550172374,aqnj5i,19,1,KotakuInAction,t5_33726,EC
4_2,3285,1556816383,bjxbp3,15,68,KotakuInAction,t5_33726,EC
4_2,188,1547670744,agpfqg,107,1,KotakuInAction,t5_33726,EC
4_2,3309,1549728345,aotl53,5,1,KotakuInAction,t5_33726,EC
4_2,3309,1561066154,c31vxw,66,177,KotakuInAction,t5_33726,EC
4_2,192,1560664548,c16t06,34,131,KotakuInAction,t5_33726,EC
4_2,399,1555036208,bc8hb9,17,110,KotakuInAction,t5_33726,EC
4_2,381,1559492406,bvz2mf,25,58,KotakuInAction,t5_33726,EC
4_2,381,1559746621,bx3i33,58,159,KotakuInAction,t5_33726,EC
4_2,651,1547243234,af0dy5,2,1,KotakuInAction,t5_33726,EC
4_2,651,1548134013,aiji1x,129,1,KotakuInAction,t5_33726,EC
4_2,651,1548832991,alaax7,124,1,KotakuInAction,t5_33726,EC
4_2,651,1548986317,alwyim,31,1,KotakuInAction,t5_33726,EC
4_2,651,1549082416,amatk6,38,1,KotakuInAction,t5_33726,EC
4_2,651,1549147099,amjavc,4,1,KotakuInAction,t5_33726,EC
4_2,651,1549625339,aofml9,18,1,KotakuInAction,t5_33726,EC
4_2,679,1560392814,c0063m,23,14,KotakuInAction,t5_33726,EC
4_2,679,1561086363,c35b4l,30,60,KotakuInAction,t5_33726,EC
4_2,914,1550098694,aqcr44,81,1,KotakuInAction,t5_33726,EC
4_2,222,1546531587,ac72h6,8,1,KotakuInAction,t5_33726,EC
4_2,222,1546568012,acd9e2,48,1,KotakuInAction,t5_33726,EC
4_2,222,1547175376,aeqvow,13,1,KotakuInAction,t5_33726,EC
4_2,222,1547344386,afegai,56,1,KotakuInAction,t5_33726,EC
4_2,222,1555958887,bg5rms,11,8,KotakuInAction,t5_33726,EC
4_2,222,1560531143,c0megb,247,1069,KotakuInAction,t5_33726,EC
4_2,3108,1547756583,ah211c,26,1,KotakuInAction,t5_33726,EC
4_2,3108,1555252693,bd3dfz,483,1515,KotakuInAction,t5_33726,EC
4_2,2376,1547501168,ag0lrc,134,1,KotakuInAction,t5_33726,EC
4_2,2376,1547575888,agbd0u,32,1,KotakuInAction,t5_33726,EC
4_2,2376,1547655183,agmnz0,271,1,KotakuInAction,t5_33726,EC
4_2,2376,1550010499,apz7d6,25,1,KotakuInAction,t5_33726,EC
4_2,2376,1551556605,awlm2z,5,8,KotakuInAction,t5_33726,EC
4_2,2376,1552432617,b0empo,6,0,KotakuInAction,t5_33726,EC
4_2,2376,1554753199,bayad3,26,104,KotakuInAction,t5_33726,EC
4_2,2376,1555607468,beo33j,23,118,KotakuInAction,t5_33726,EC
4_2,2376,1556330347,bhubd9,0,1,KotakuInAction,t5_33726,EC
4_2,2376,1556661882,bj9cxb,55,175,KotakuInAction,t5_33726,EC
4_2,2376,1557265390,blwnwt,110,896,KotakuInAction,t5_33726,EC
4_2,2376,1561265451,c3zcs7,23,61,KotakuInAction,t5_33726,EC
4_2,1259,1548556670,ak80fo,61,1,KotakuInAction,t5_33726,EC
4_2,245,1549587880,aob1qm,4,1,KotakuInAction,t5_33726,EC
4_2,245,1551989904,ayh5uw,404,569,KotakuInAction,t5_33726,EC
4_2,1579,1547584612,agczfe,51,1,KotakuInAction,t5_33726,EC
4_2,1579,1548415181,ajo2d8,143,1,KotakuInAction,t5_33726,EC
4_2,1579,1548653763,akkdl0,78,1,KotakuInAction,t5_33726,EC
4_2,1579,1548922595,alnedc,17,1,KotakuInAction,t5_33726,EC
4_2,1579,1549120784,amey8b,7,1,KotakuInAction,t5_33726,EC
4_2,1579,1549657735,aokpvp,28,1,KotakuInAction,t5_33726,EC
4_2,1579,1551394291,avx8bx,0,1,KotakuInAction,t5_33726,EC
4_2,1579,1551474472,aw9qre,3,1,KotakuInAction,t5_33726,EC
4_2,1579,1551538532,awihxs,36,104,KotakuInAction,t5_33726,EC
4_2,1579,1553188182,b3t42k,6,27,KotakuInAction,t5_33726,EC
4_2,1579,1556881828,bk77fy,53,189,KotakuInAction,t5_33726,EC
4_2,1579,1560524315,c0l2wh,68,213,KotakuInAction,t5_33726,EC
4_2,1268,1549507736,anz12z,190,1,KotakuInAction,t5_33726,EC
4_2,1268,1549824497,ap6wn0,17,1,KotakuInAction,t5_33726,EC
4_2,1268,1552340654,azz93l,2,138,KotakuInAction,t5_33726,EC
4_2,1268,1553392981,b4r51o,5,3,KotakuInAction,t5_33726,EC
4_2,3326,1554061212,b7rrc7,148,342,KotakuInAction,t5_33726,EC
4_2,254,1553113399,b3gx7p,149,495,KotakuInAction,t5_33726,EC
4_2,254,1553138251,b3lk1h,38,49,KotakuInAction,t5_33726,EC
4_2,296,1551850709,axvb2g,126,334,KotakuInAction,t5_33726,EC
4_2,296,1552960538,b2rdek,2,0,KotakuInAction,t5_33726,EC
4_2,296,1547525461,ag4jh5,5,1,metacanada,t5_2sh5g,EC
4_2,296,1552159688,az72pq,1,8,metacanada,t5_2sh5g,EC
4_2,296,1554871171,bbhwwr,7,50,metacanada,t5_2sh5g,EC
4_2,296,1556367183,bhyhk3,1,1,metacanada,t5_2sh5g,EC
4_2,296,1556418075,bi6juw,16,26,metacanada,t5_2sh5g,EC
4_2,296,1556915092,bkd1p6,6,45,metacanada,t5_2sh5g,EC
4_2,296,1559965094,by3lu5,0,5,metacanada,t5_2sh5g,EC
4_2,296,1547487714,afy7t3,30,1,MensRights,t5_2qhk3,EC
4_2,296,1552422792,b0cp7z,17,189,MensRights,t5_2qhk3,EC
4_2,296,1553101960,b3em9s,43,45,MensRights,t5_2qhk3,EC
4_2,296,1557348401,bmakrj,0,12,MensRights,t5_2qhk3,EC
4_2,305,1548698643,akq2yi,347,1,KotakuInAction,t5_33726,EC
4_2,305,1551390652,avwkis,158,474,KotakuInAction,t5_33726,EC
4_2,305,1554336839,b95sif,6,4,KotakuInAction,t5_33726,EC
4_2,305,1557840155,boivbb,13,35,KotakuInAction,t5_33726,EC
4_2,305,1558863319,bt61ul,2,1,KotakuInAction,t5_33726,EC
4_2,306,1551386131,avvumn,33,62,KotakuInAction,t5_33726,EC
4_2,4087,1546809758,ada14d,2,1,KotakuInAction,t5_33726,EC
4_2,4087,1547668978,agp45g,1,1,KotakuInAction,t5_33726,EC
4_2,4087,1550471529,aru9n5,76,417,KotakuInAction,t5_33726,EC
4_2,4087,1551673065,ax2tq2,47,433,KotakuInAction,t5_33726,EC
4_2,4087,1556949693,bki58f,16,349,KotakuInAction,t5_33726,EC
4_2,4087,1559897391,bxs8vp,31,108,KotakuInAction,t5_33726,EC
4_2,4087,1559972871,by4s4x,23,127,KotakuInAction,t5_33726,EC
4_2,4087,1560924223,c2dcu8,20,105,KotakuInAction,t5_33726,EC
4_2,1110,1549186096,amo4y6,14,1,KotakuInAction,t5_33726,EC
4_2,1110,1549626926,aoft1v,5,1,KotakuInAction,t5_33726,EC
4_2,662,1547510607,ag28he,2,1,KotakuInAction,t5_33726,EC
4_2,662,1560808906,c1tsrb,1,1,KotakuInAction,t5_33726,EC
4_2,13,1548209821,aiuq3j,311,1,KotakuInAction,t5_33726,EC
4_2,13,1550817080,ate5m4,215,473,KotakuInAction,t5_33726,EC
4_2,13,1546387487,abnmw3,0,1,MensRights,t5_2qhk3,EC
4_2,13,1546468588,abynbt,6,1,MensRights,t5_2qhk3,EC
4_2,13,1547535432,ag5tw3,2,1,MensRights,t5_2qhk3,EC
4_2,13,1547623000,agipdp,4,1,MensRights,t5_2qhk3,EC
4_2,13,1547687728,agscxs,10,1,MensRights,t5_2qhk3,EC
4_2,13,1547703212,aguk3u,7,1,MensRights,t5_2qhk3,EC
4_2,13,1548030489,ai4col,0,1,MensRights,t5_2qhk3,EC
4_2,13,1548307053,aj94ot,6,1,MensRights,t5_2qhk3,EC
4_2,13,1548318312,ajae80,4,1,MensRights,t5_2qhk3,EC
4_2,13,1548371543,ajijjy,1,1,MensRights,t5_2qhk3,EC
4_2,13,1549175856,amn7g8,3,1,MensRights,t5_2qhk3,EC
4_2,13,1549407888,anjynv,21,1,MensRights,t5_2qhk3,EC
4_2,13,1549670467,aomt43,1,1,MensRights,t5_2qhk3,EC
4_2,13,1549674877,aongpe,0,1,MensRights,t5_2qhk3,EC
4_2,13,1550285606,ar4hqm,0,11,MensRights,t5_2qhk3,EC
4_2,13,1550577399,as9mad,3,18,MensRights,t5_2qhk3,EC
4_2,13,1550866886,atmb6f,1,13,MensRights,t5_2qhk3,EC
4_2,13,1551336070,avny3c,14,53,MensRights,t5_2qhk3,EC
4_2,13,1551416023,aw0s1z,0,19,MensRights,t5_2qhk3,EC
4_2,13,1551579651,awpfaz,5,23,MensRights,t5_2qhk3,EC
4_2,13,1551773482,axiqy8,1,13,MensRights,t5_2qhk3,EC
4_2,13,1551802046,axmsbc,6,26,MensRights,t5_2qhk3,EC
4_2,13,1551983852,ayfzp2,0,4,MensRights,t5_2qhk3,EC
4_2,13,1551990864,ayhcgk,10,183,MensRights,t5_2qhk3,EC
4_2,13,1552027334,ayn739,10,3,MensRights,t5_2qhk3,EC
4_2,13,1552144838,az4i1a,1,4,MensRights,t5_2qhk3,EC
4_2,13,1552154984,az68nz,4,4,MensRights,t5_2qhk3,EC
4_2,13,1553228680,b40lph,0,6,MensRights,t5_2qhk3,EC
4_2,13,1553371446,b4nk3z,3,38,MensRights,t5_2qhk3,EC
4_2,13,1553583272,b5mhdr,152,2208,MensRights,t5_2qhk3,EC
4_2,13,1553845106,b6ucs0,0,14,MensRights,t5_2qhk3,EC
4_2,13,1554149989,b889xa,2,53,MensRights,t5_2qhk3,EC
4_2,13,1554310487,b90icr,1,2,MensRights,t5_2qhk3,EC
4_2,13,1555038094,bc8rk4,26,20,MensRights,t5_2qhk3,EC
4_2,13,1555052251,bcakza,8,78,MensRights,t5_2qhk3,EC
4_2,13,1555206855,bcxzdv,1,0,MensRights,t5_2qhk3,EC
4_2,13,1555306815,bdchud,3,55,MensRights,t5_2qhk3,EC
4_2,13,1555311693,bdd1mv,13,83,MensRights,t5_2qhk3,EC
4_2,13,1555363179,bdlemk,5,30,MensRights,t5_2qhk3,EC
4_2,13,1555570847,beij6v,4,34,MensRights,t5_2qhk3,EC
4_2,13,1555659219,bewgmo,14,52,MensRights,t5_2qhk3,EC
4_2,13,1556055509,bgm3nq,2,18,MensRights,t5_2qhk3,EC
4_2,13,1556599092,biz8t9,200,1254,MensRights,t5_2qhk3,EC
4_2,13,1556735521,bjkon5,0,11,MensRights,t5_2qhk3,EC
4_2,13,1556778495,bjrq2x,6,21,MensRights,t5_2qhk3,EC
4_2,13,1556847580,bk2wwz,10,63,MensRights,t5_2qhk3,EC
4_2,13,1557474714,bmvi4g,3,2,MensRights,t5_2qhk3,EC
4_2,13,1558039699,bphxlj,6,13,MensRights,t5_2qhk3,EC
4_2,13,1558073014,bpnjgs,5,19,MensRights,t5_2qhk3,EC
4_2,13,1558159008,bq0fcz,1,5,MensRights,t5_2qhk3,EC
4_2,13,1558810701,bsy459,5,10,MensRights,t5_2qhk3,EC
4_2,13,1558849725,bt4hwp,54,220,MensRights,t5_2qhk3,EC
4_2,13,1559026531,btwtry,1,78,MensRights,t5_2qhk3,EC
4_2,13,1559198325,bupwe3,2,39,MensRights,t5_2qhk3,EC
4_2,13,1559215562,burza0,12,78,MensRights,t5_2qhk3,EC
4_2,13,1559247920,buy2w0,0,12,MensRights,t5_2qhk3,EC
4_2,13,1559856571,bxm9ht,4,65,MensRights,t5_2qhk3,EC
4_2,13,1560119758,byq3hv,7,39,MensRights,t5_2qhk3,EC
4_2,13,1560346657,bzrc0y,1,5,MensRights,t5_2qhk3,EC
4_2,13,1560802171,c1sf0t,0,3,MensRights,t5_2qhk3,EC
4_2,13,1561238573,c3uxqq,21,107,MensRights,t5_2qhk3,EC
4_2,13,1561241936,c3vj99,1,16,MensRights,t5_2qhk3,EC
4_2,102,1546892161,adlp12,36,1,KotakuInAction,t5_33726,EC
4_2,102,1547024911,ae53qm,28,1,KotakuInAction,t5_33726,EC
4_2,102,1547946810,ahsn18,127,1,KotakuInAction,t5_33726,EC
4_2,102,1548934981,alonil,30,1,KotakuInAction,t5_33726,EC
4_2,102,1549177083,amnc0v,107,1,KotakuInAction,t5_33726,EC
4_2,102,1551395881,avxihx,40,96,KotakuInAction,t5_33726,EC
4_2,102,1551812846,axovag,24,67,KotakuInAction,t5_33726,EC
4_2,102,1551991117,ayhe66,2,2,KotakuInAction,t5_33726,EC
4_2,102,1554245528,b8q65u,5,72,KotakuInAction,t5_33726,EC
4_2,102,1555008343,bc3jnv,27,50,KotakuInAction,t5_33726,EC
4_2,102,1556408682,bi55qj,7,11,KotakuInAction,t5_33726,EC
4_2,102,1557174948,blhbfy,68,415,KotakuInAction,t5_33726,EC
4_2,102,1558026968,bpf9ka,31,53,KotakuInAction,t5_33726,EC
4_2,102,1559424571,bvptgx,13,65,KotakuInAction,t5_33726,EC
4_2,102,1560281373,bzh0kg,1,1,KotakuInAction,t5_33726,EC
4_2,102,1560508062,c0iiaa,76,129,KotakuInAction,t5_33726,EC
4_2,102,1561330266,c4dqra,27,279,KotakuInAction,t5_33726,EC
4_2,1201,1555949780,bg3yve,112,452,KotakuInAction,t5_33726,EC
4_2,1201,1553620801,b5sgtc,3,4,metacanada,t5_2sh5g,EC
4_2,1201,1554138122,b852pv,10,18,metacanada,t5_2sh5g,EC
4_2,3943,1546703069,acv5vo,19,1,KotakuInAction,t5_33726,EC
4_2,3943,1548351047,ajervi,0,1,KotakuInAction,t5_33726,EC
4_2,3943,1548351257,ajet8n,532,1,KotakuInAction,t5_33726,EC
4_2,3943,1559838430,bxipom,20,5,KotakuInAction,t5_33726,EC
4_2,3943,1560133317,bysb00,19,14,KotakuInAction,t5_33726,EC
4_2,3943,1560271379,bzet3e,78,23,KotakuInAction,t5_33726,EC
4_2,3943,1560405493,c0233e,6,23,KotakuInAction,t5_33726,EC
4_2,3943,1561071416,c32rql,6,60,KotakuInAction,t5_33726,EC
4_2,980,1549527838,ao1ncq,95,1,KotakuInAction,t5_33726,EC
4_2,1298,1547320222,afaiyh,382,1,KotakuInAction,t5_33726,EC
4_2,1298,1547662926,ago11p,22,1,KotakuInAction,t5_33726,EC
4_2,1298,1559072864,bu4kr9,34,109,KotakuInAction,t5_33726,EC
4_2,614,1552064242,ayshsh,11,16,KotakuInAction,t5_33726,EC
4_2,360,1549547972,ao3zsz,3,1,KotakuInAction,t5_33726,EC
4_2,360,1549721938,aosp1s,3,1,KotakuInAction,t5_33726,EC
4_2,360,1551475827,aw9zb6,4,0,KotakuInAction,t5_33726,EC
4_2,360,1551621509,awu71y,3,0,KotakuInAction,t5_33726,EC
4_2,360,1552481467,b0ln6v,13,7,KotakuInAction,t5_33726,EC
4_2,360,1552481922,b0lpsc,459,1092,KotakuInAction,t5_33726,EC
4_2,360,1555934100,bg17db,6,6,KotakuInAction,t5_33726,EC
4_2,360,1556062363,bgnck6,5,5,KotakuInAction,t5_33726,EC
4_2,643,1555062226,bcbmw0,11,0,KotakuInAction,t5_33726,EC
4_2,5128,1547129881,aejiom,1,1,metacanada,t5_2sh5g,EC
4_2,446,1547962604,ahup8g,4,1,KotakuInAction,t5_33726,EC
4_2,446,1548422770,ajozpl,21,1,KotakuInAction,t5_33726,EC
4_2,446,1548888432,aliknq,1,1,KotakuInAction,t5_33726,EC
4_2,4245,1546629502,acljdd,8,1,KotakuInAction,t5_33726,EC
4_2,4245,1550155710,aqkhq8,125,1,KotakuInAction,t5_33726,EC
4_2,449,1547241858,af0488,36,1,KotakuInAction,t5_33726,EC
4_2,449,1553388235,b4qdxe,48,122,KotakuInAction,t5_33726,EC
4_2,449,1554717729,barxnv,17,15,KotakuInAction,t5_33726,EC
4_2,449,1556286706,bhmiex,47,122,KotakuInAction,t5_33726,EC
4_2,449,1559848650,bxkqnq,4,15,KotakuInAction,t5_33726,EC
4_2,449,1556272328,bhkigb,9,48,metacanada,t5_2sh5g,EC
4_2,449,1558343955,bqt93c,60,124,metacanada,t5_2sh5g,EC
4_2,449,1560159469,byvt59,0,7,metacanada,t5_2sh5g,EC
4_2,449,1560336772,bzppyc,6,32,metacanada,t5_2sh5g,EC
4_2,1551,1549990913,apvh3z,24,1,KotakuInAction,t5_33726,EC
4_2,1551,1554650282,bah9vt,38,39,KotakuInAction,t5_33726,EC
4_2,1343,1551184286,auyxt2,377,1384,MensRights,t5_2qhk3,EC
4_2,641,1552589096,b142j1,31,94,KotakuInAction,t5_33726,EC
4_2,641,1555096649,bchlu1,3,0,KotakuInAction,t5_33726,EC
4_2,1074,1553007459,b2yesc,4,2,KotakuInAction,t5_33726,EC
4_2,698,1551398572,avxz4w,17,64,KotakuInAction,t5_33726,EC
4_2,1392,1549355247,anc5wx,68,1,KotakuInAction,t5_33726,EC
4_2,1392,1557245653,blslk6,7,36,KotakuInAction,t5_33726,EC
4_2,962,1551963776,ayce4f,136,167,KotakuInAction,t5_33726,EC
4_2,507,1561687644,c6eamx,170,873,KotakuInAction,t5_33726,EC
4_2,2167,1548106387,aif8c5,38,1,KotakuInAction,t5_33726,EC
4_2,1388,1548198988,aisyjf,2,1,KotakuInAction,t5_33726,EC
4_2,1388,1547608506,aggv59,0,1,MensRights,t5_2qhk3,EC
4_2,239,1552585459,b13c5q,66,0,KotakuInAction,t5_33726,EC
4_2,1694,1548463143,ajvtcf,2,1,KotakuInAction,t5_33726,EC
4_2,1694,1559503271,bw140v,47,99,KotakuInAction,t5_33726,EC
4_2,1545,1546556656,acbg2s,5,1,KotakuInAction,t5_33726,EC
4_2,1545,1546802598,ad8s6v,9,1,KotakuInAction,t5_33726,EC
4_2,1545,1549837705,ap9a9y,89,1,KotakuInAction,t5_33726,EC
4_2,1545,1550011524,apzdvp,8,1,KotakuInAction,t5_33726,EC
4_2,1545,1551392369,avww6h,43,115,KotakuInAction,t5_33726,EC
4_2,1545,1551965554,aycnib,34,354,KotakuInAction,t5_33726,EC
4_2,1545,1552047319,aypm3y,36,251,KotakuInAction,t5_33726,EC
4_2,1545,1552927315,b2kxbl,6,66,KotakuInAction,t5_33726,EC
4_2,1545,1557358939,bmcmyj,36,10,KotakuInAction,t5_33726,EC
4_2,1545,1557788556,boao7p,73,291,KotakuInAction,t5_33726,EC
4_2,1545,1561514204,c5jbu3,46,84,KotakuInAction,t5_33726,EC
4_2,617,1548443565,ajsgfp,3,1,MensRights,t5_2qhk3,EC
4_2,426,1555520747,beaa1u,136,191,KotakuInAction,t5_33726,EC
4_2,1350,1552418088,b0br8t,97,153,KotakuInAction,t5_33726,EC
4_2,1350,1560117493,bypow8,103,110,KotakuInAction,t5_33726,EC
4_2,663,1551740193,axdnap,1,1,KotakuInAction,t5_33726,EC
4_2,663,1552055377,ayqvv2,455,1721,KotakuInAction,t5_33726,EC
4_2,663,1555551721,befw5j,7,0,KotakuInAction,t5_33726,EC
4_2,693,1560790108,c1pw27,57,0,KotakuInAction,t5_33726,EC
4_2,706,1558734193,bsmq5m,15,29,MensRights,t5_2qhk3,EC
4_2,718,1549890668,apg41y,286,1,KotakuInAction,t5_33726,EC
4_2,718,1550026310,aq1r81,6,1,KotakuInAction,t5_33726,EC
4_2,718,1551573544,awoild,9,74,KotakuInAction,t5_33726,EC
4_2,718,1557889732,bosjnr,79,159,KotakuInAction,t5_33726,EC
4_2,718,1558667382,bsbx2s,37,76,KotakuInAction,t5_33726,EC
4_2,1048,1556728302,bjj74n,116,527,KotakuInAction,t5_33726,EC
4_2,1507,1552696835,b1mh9y,2,1,KotakuInAction,t5_33726,EC
4_2,1507,1561072460,c32w7b,6,41,KotakuInAction,t5_33726,EC
4_2,1507,1561128959,c3bl38,368,784,KotakuInAction,t5_33726,EC
4_2,636,1548548995,ak6yvg,51,1,KotakuInAction,t5_33726,EC
4_2,636,1549988037,apuxgj,411,1,KotakuInAction,t5_33726,EC
4_2,3213,1548999168,alyt36,78,1,KotakuInAction,t5_33726,EC
4_2,83,1551982032,ayfn04,93,425,KotakuInAction,t5_33726,EC
4_2,923,1548968242,alu4rp,15,1,KotakuInAction,t5_33726,EC
4_2,925,1556784286,bjsd5n,76,27,KotakuInAction,t5_33726,EC
4_2,925,1557434896,bmp2b3,20,227,KotakuInAction,t5_33726,EC
4_2,926,1546547306,ac9tjo,6,1,KotakuInAction,t5_33726,EC
4_2,926,1560839404,c1yrqg,145,116,KotakuInAction,t5_33726,EC
4_2,1717,1553983903,b7gnuu,1,1,KotakuInAction,t5_33726,EC
